{
    "bounds": [[-2.5, 2.5], [0.0, 10], [-2.5, 2.5]], 
    "sequence_length": 200, 
    "default_connectivity_radius": 0.060, 
    "dim": 3, 
    "dt": 0.02, 
    // "vel_mean": [-2.672144649035145e-06, -0.000392220175215009, 3.44974184932131e-07], 
    // "vel_std": [0.0023940811833787212, 0.002585047445857427, 0.002381972838043777], 
    // "acc_mean": [8.152824499973319e-08, -5.865389419553306e-08, -2.14673144336085e-08], 
    // "acc_std": [0.0002507560054026943, 0.00027446864292921805, 0.0002489174747922851], 
    "num_particles_max": 2649,
    "periodic_boundary_conditions": [false, false, false]
}